{"cameraMode":{"drawMode":0,"name":"Shaded","section":"Shading Mode"},"sceneLighting":true,"audioPlay":false,"sceneViewState":{"m_AlwaysRefresh":false,"showFog":true,"showSkybox":true,"showFlares":true,"showImageEffects":true,"showParticleSystems":true,"showVisualEffectGraphs":true,"m_FxEnabled":true},"in2DMode":false,"pivot":{"x":-0.417729914188385,"y":0.02896362543106079,"z":0.0071633607149124149},"rotation":{"x":-0.22764797508716584,"y":-0.35992535948753359,"z":0.09140452742576599,"w":-0.9002969861030579},"size":2.058878183364868,"orthographic":true}